[{"model": "admin.logentry", "pk": 1, "fields": {"action_time": "2025-05-12T17:01:11.625Z", "user": 1, "content_type": 4, "object_id": "3", "object_repr": "sixers3", "action_flag": 3, "change_message": ""}}, {"model": "admin.logentry", "pk": 2, "fields": {"action_time": "2025-05-12T18:58:55.075Z", "user": 1, "content_type": 4, "object_id": "4", "object_repr": "sixers3", "action_flag": 3, "change_message": ""}}, {"model": "admin.logentry", "pk": 3, "fields": {"action_time": "2025-05-12T19:01:25.893Z", "user": 1, "content_type": 4, "object_id": "5", "object_repr": "sixers3", "action_flag": 3, "change_message": ""}}, {"model": "auth.user", "pk": 1, "fields": {"password": "argon2$argon2id$v=19$m=102400,t=2,p=8$ZzFsVk5pUmlYUzhuMEVHQVBkZ0tPOQ$XlklG1LI0it5t7h6VlM0BTYPDBKTKnQbQKdS553bVjI", "last_login": "2025-05-15T15:23:24.174Z", "is_superuser": true, "username": "sixers", "first_name": "", "last_name": "", "email": "aharris345@gatech.edu", "is_staff": true, "is_active": true, "date_joined": "2025-01-08T19:28:02.968Z", "groups": [], "user_permissions": []}}, {"model": "auth.user", "pk": 2, "fields": {"password": "argon2$argon2id$v=19$m=102400,t=2,p=8$VnJ2eDlZVzRtUVJBNzVTM240UUIzdg$+2dIsEJa2Y8k/YH92GaW/DuHAC8H59sKy+bdqKiSOM0", "last_login": "2025-05-15T15:28:44.347Z", "is_superuser": false, "username": "sixers2", "first_name": "", "last_name": "", "email": "sixers27.72@gmail.com", "is_staff": false, "is_active": true, "date_joined": "2025-01-08T19:46:30.160Z", "groups": [], "user_permissions": []}}, {"model": "auth.user", "pk": 6, "fields": {"password": "argon2$argon2id$v=19$m=102400,t=2,p=8$VmwzdUt5N2dESnRDdlhkb3B4TnNBYQ$CRcdMuFjzgQm1FY6sBpCFLY4Kx6Fwslh+mS8/4ULwro", "last_login": null, "is_superuser": false, "username": "sixers3", "first_name": "", "last_name": "", "email": "sixers27.722@gmail.com", "is_staff": false, "is_active": false, "date_joined": "2025-05-12T19:01:46.352Z", "groups": [], "user_permissions": []}}, {"model": "sessions.session", "pk": "cb58mi4y9wzcx3flqn8l0t6a1d0p25vq", "fields": {"session_data": ".eJxVjDkOwjAUBe_iGll2vFPScwbrLw4JIFuKkwpxd4iUAto3M-8lMmzrlLdeljyzOAstTr8bAj1K3QHfod6apFbXZUa5K_KgXV4bl-flcP8OJujTt3bJsDXGEysOIRSFBp3yfkDPSEWDdeA4DippjUQmhgTjOERma10AEu8P2hc3-w:1uDqIO:mL3sD1S3NGF2aDcwqT3Fq4-VEuuLxfKao3w_jwgymA8", "expire_date": "2025-05-24T19:55:40.738Z"}}, {"model": "pages.supplement", "pk": 472, "fields": {"name": "Vitamin A (Retinol)", "category": "Vitamins", "dosage_unit": "IU"}}, {"model": "pages.supplement", "pk": 473, "fields": {"name": "Vitamin B1 (Thiamine)", "category": "Vitamins", "dosage_unit": "mg"}}, {"model": "pages.supplement", "pk": 474, "fields": {"name": "Vitamin B2 (Riboflavin)", "category": "Vitamins", "dosage_unit": "mg"}}, {"model": "pages.supplement", "pk": 475, "fields": {"name": "Vitamin B3 (Niacin)", "category": "Vitamins", "dosage_unit": "mg"}}, {"model": "pages.supplement", "pk": 476, "fields": {"name": "Vitamin B5 (Pantothenic Acid)", "category": "Vitamins", "dosage_unit": "mg"}}, {"model": "pages.supplement", "pk": 477, "fields": {"name": "Vitamin B6 (Pyridoxine)", "category": "Vitamins", "dosage_unit": "mg"}}, {"model": "pages.supplement", "pk": 478, "fields": {"name": "Vitamin B7 (Biotin)", "category": "Vitamins", "dosage_unit": "mg"}}, {"model": "pages.supplement", "pk": 479, "fields": {"name": "Vitamin B9 (Folate/Folic Acid)", "category": "Vitamins", "dosage_unit": "mg"}}, {"model": "pages.supplement", "pk": 480, "fields": {"name": "Vitamin B12 (Cobalamin)", "category": "Vitamins", "dosage_unit": "mg"}}, {"model": "pages.supplement", "pk": 481, "fields": {"name": "Vitamin C (Ascorbic Acid)", "category": "Vitamins", "dosage_unit": "mg"}}, {"model": "pages.supplement", "pk": 482, "fields": {"name": "Vitamin D2 (Ergocalciferol)", "category": "Vitamins", "dosage_unit": "IU"}}, {"model": "pages.supplement", "pk": 483, "fields": {"name": "Vitamin D3 (Cholecalciferol)", "category": "Vitamins", "dosage_unit": "IU"}}, {"model": "pages.supplement", "pk": 484, "fields": {"name": "Vitamin E (Tocopherol)", "category": "Vitamins", "dosage_unit": "IU"}}, {"model": "pages.supplement", "pk": 485, "fields": {"name": "Vitamin K1 (Phylloquinone)", "category": "Vitamins", "dosage_unit": "mcg"}}, {"model": "pages.supplement", "pk": 486, "fields": {"name": "Vitamin K2 (Menaquinone)", "category": "Vitamins", "dosage_unit": "mcg"}}, {"model": "pages.supplement", "pk": 487, "fields": {"name": "Calcium", "category": "Minerals", "dosage_unit": "mg"}}, {"model": "pages.supplement", "pk": 488, "fields": {"name": "Magnesium", "category": "Minerals", "dosage_unit": "mg"}}, {"model": "pages.supplement", "pk": 489, "fields": {"name": "Potassium", "category": "Minerals", "dosage_unit": "mg"}}, {"model": "pages.supplement", "pk": 490, "fields": {"name": "Sodium", "category": "Minerals", "dosage_unit": "mg"}}, {"model": "pages.supplement", "pk": 491, "fields": {"name": "Iron", "category": "Minerals", "dosage_unit": "mg"}}, {"model": "pages.supplement", "pk": 492, "fields": {"name": "Zinc", "category": "Minerals", "dosage_unit": "mg"}}, {"model": "pages.supplement", "pk": 493, "fields": {"name": "Copper", "category": "Minerals", "dosage_unit": "mg"}}, {"model": "pages.supplement", "pk": 494, "fields": {"name": "Manganese", "category": "Minerals", "dosage_unit": "mg"}}, {"model": "pages.supplement", "pk": 495, "fields": {"name": "Selenium", "category": "Minerals", "dosage_unit": "mcg"}}, {"model": "pages.supplement", "pk": 496, "fields": {"name": "Chromium", "category": "Minerals", "dosage_unit": "mcg"}}, {"model": "pages.supplement", "pk": 497, "fields": {"name": "Molybdenum", "category": "Minerals", "dosage_unit": "mcg"}}, {"model": "pages.supplement", "pk": 498, "fields": {"name": "Iodine", "category": "Minerals", "dosage_unit": "mcg"}}, {"model": "pages.supplement", "pk": 499, "fields": {"name": "Fluoride", "category": "Minerals", "dosage_unit": "mg"}}, {"model": "pages.supplement", "pk": 500, "fields": {"name": "Phosphorus", "category": "Minerals", "dosage_unit": "mg"}}, {"model": "pages.supplement", "pk": 501, "fields": {"name": "Ashwagandha", "category": "Herbs", "dosage_unit": "mg"}}, {"model": "pages.supplement", "pk": 502, "fields": {"name": "Panax Ginseng", "category": "Herbs", "dosage_unit": "mg"}}, {"model": "pages.supplement", "pk": 503, "fields": {"name": "Echinacea", "category": "Herbs", "dosage_unit": "mg"}}, {"model": "pages.supplement", "pk": 504, "fields": {"name": "St. John's Wort", "category": "Herbs", "dosage_unit": "mg"}}, {"model": "pages.supplement", "pk": 505, "fields": {"name": "Ginkgo Biloba", "category": "Herbs", "dosage_unit": "mg"}}, {"model": "pages.supplement", "pk": 506, "fields": {"name": "Saw Palmetto", "category": "Herbs", "dosage_unit": "mg"}}, {"model": "pages.supplement", "pk": 507, "fields": {"name": "Turmeric (Curcumin)", "category": "Herbs", "dosage_unit": "mg"}}, {"model": "pages.supplement", "pk": 508, "fields": {"name": "Milk Thistle (Silymarin)", "category": "Herbs", "dosage_unit": "mg"}}, {"model": "pages.supplement", "pk": 509, "fields": {"name": "Rhodiola Rosea", "category": "Herbs", "dosage_unit": "mg"}}, {"model": "pages.supplement", "pk": 510, "fields": {"name": "Maca", "category": "Herbs", "dosage_unit": "mg"}}, {"model": "pages.supplement", "pk": 511, "fields": {"name": "Green Tea Extract (Camellia sinensis)", "category": "Herbs", "dosage_unit": "mg"}}, {"model": "pages.supplement", "pk": 512, "fields": {"name": "Garlic Extract", "category": "Herbs", "dosage_unit": "mg"}}, {"model": "pages.supplement", "pk": 513, "fields": {"name": "Ginger Root", "category": "Herbs", "dosage_unit": "mg"}}, {"model": "pages.supplement", "pk": 514, "fields": {"name": "Holy Basil (Tulsi)", "category": "Herbs", "dosage_unit": "mg"}}, {"model": "pages.supplement", "pk": 515, "fields": {"name": "Black Cohosh", "category": "Herbs", "dosage_unit": "mg"}}, {"model": "pages.supplement", "pk": 516, "fields": {"name": "Valerian Root", "category": "Herbs", "dosage_unit": "mg"}}, {"model": "pages.supplement", "pk": 517, "fields": {"name": "Fenugreek", "category": "Herbs", "dosage_unit": "mg"}}, {"model": "pages.supplement", "pk": 518, "fields": {"name": "Lycopene", "category": "Phytonutrients", "dosage_unit": "mg"}}, {"model": "pages.supplement", "pk": 519, "fields": {"name": "Lutein", "category": "Phytonutrients", "dosage_unit": "mg"}}, {"model": "pages.supplement", "pk": 520, "fields": {"name": "Zeaxanthin", "category": "Phytonutrients", "dosage_unit": "mg"}}, {"model": "pages.supplement", "pk": 521, "fields": {"name": "Resveratrol", "category": "Phytonutrients", "dosage_unit": "mg"}}, {"model": "pages.supplement", "pk": 522, "fields": {"name": "Quercetin", "category": "Phytonutrients", "dosage_unit": "mg"}}, {"model": "pages.supplement", "pk": 523, "fields": {"name": "Curcumin", "category": "Phytonutrients", "dosage_unit": "mg"}}, {"model": "pages.supplement", "pk": 524, "fields": {"name": "Sulforaphane", "category": "Phytonutrients", "dosage_unit": "mg"}}, {"model": "pages.supplement", "pk": 525, "fields": {"name": "Astaxanthin", "category": "Phytonutrients", "dosage_unit": "mg"}}, {"model": "pages.supplement", "pk": 526, "fields": {"name": "Catechins (from Green Tea)", "category": "Phytonutrients", "dosage_unit": "mg"}}, {"model": "pages.supplement", "pk": 527, "fields": {"name": "Anthocyanins", "category": "Phytonutrients", "dosage_unit": "mg"}}, {"model": "pages.supplement", "pk": 528, "fields": {"name": "Beta-Carotene", "category": "Phytonutrients", "dosage_unit": "mg"}}, {"model": "pages.supplement", "pk": 529, "fields": {"name": "L-Glutamine", "category": "Amino Acids", "dosage_unit": "mg"}}, {"model": "pages.supplement", "pk": 530, "fields": {"name": "L-Arginine", "category": "Amino Acids", "dosage_unit": "mg"}}, {"model": "pages.supplement", "pk": 531, "fields": {"name": "L-Lysine", "category": "Amino Acids", "dosage_unit": "mg"}}, {"model": "pages.supplement", "pk": 532, "fields": {"name": "L-Tryptophan", "category": "Amino Acids", "dosage_unit": "mg"}}, {"model": "pages.supplement", "pk": 533, "fields": {"name": "L-Tyrosine", "category": "Amino Acids", "dosage_unit": "mg"}}, {"model": "pages.supplement", "pk": 534, "fields": {"name": "L-Carnitine", "category": "Amino Acids", "dosage_unit": "mg"}}, {"model": "pages.supplement", "pk": 535, "fields": {"name": "L-Theanine", "category": "Amino Acids", "dosage_unit": "mg"}}, {"model": "pages.supplement", "pk": 536, "fields": {"name": "L-Citrulline", "category": "Amino Acids", "dosage_unit": "mg"}}, {"model": "pages.supplement", "pk": 537, "fields": {"name": "L-Ornithine", "category": "Amino Acids", "dosage_unit": "mg"}}, {"model": "pages.supplement", "pk": 538, "fields": {"name": "Beta-Alanine", "category": "Amino Acids", "dosage_unit": "mg"}}, {"model": "pages.supplement", "pk": 539, "fields": {"name": "Taurine", "category": "Amino Acids", "dosage_unit": "mg"}}, {"model": "pages.supplement", "pk": 540, "fields": {"name": "L-Leucine (BCAA)", "category": "Amino Acids", "dosage_unit": "mg"}}, {"model": "pages.supplement", "pk": 541, "fields": {"name": "L-Isoleucine (BCAA)", "category": "Amino Acids", "dosage_unit": "mg"}}, {"model": "pages.supplement", "pk": 542, "fields": {"name": "L-Valine (BCAA)", "category": "Amino Acids", "dosage_unit": "mg"}}, {"model": "pages.supplement", "pk": 543, "fields": {"name": "L-Phenylalanine", "category": "Amino Acids", "dosage_unit": "mg"}}, {"model": "pages.supplement", "pk": 544, "fields": {"name": "Glycine", "category": "Amino Acids", "dosage_unit": "mg"}}, {"model": "pages.supplement", "pk": 545, "fields": {"name": "L-Serine", "category": "Amino Acids", "dosage_unit": "mg"}}, {"model": "pages.supplement", "pk": 546, "fields": {"name": "L-Histidine", "category": "Amino Acids", "dosage_unit": "mg"}}, {"model": "pages.supplement", "pk": 547, "fields": {"name": "Melatonin", "category": "Hormones", "dosage_unit": "mg"}}, {"model": "pages.supplement", "pk": 548, "fields": {"name": "DHEA (Dehydroepiandrosterone)", "category": "Hormones", "dosage_unit": "mg"}}, {"model": "pages.supplement", "pk": 549, "fields": {"name": "Pregnenolone", "category": "Hormones", "dosage_unit": "mg"}}, {"model": "pages.supplement", "pk": 550, "fields": {"name": "Fish Oil (Omega-3)", "category": "Oils", "dosage_unit": "mg"}}, {"model": "pages.supplement", "pk": 551, "fields": {"name": "Krill Oil", "category": "Oils", "dosage_unit": "mg"}}, {"model": "pages.supplement", "pk": 552, "fields": {"name": "Flaxseed Oil", "category": "Oils", "dosage_unit": "tbsp"}}, {"model": "pages.supplement", "pk": 553, "fields": {"name": "Evening Primrose Oil", "category": "Oils", "dosage_unit": "mg"}}, {"model": "pages.supplement", "pk": 554, "fields": {"name": "Chia Seed Oil", "category": "Oils", "dosage_unit": "mg"}}, {"model": "pages.supplement", "pk": 555, "fields": {"name": "Black Seed Oil", "category": "Oils", "dosage_unit": "tbsp"}}, {"model": "pages.supplement", "pk": 559, "fields": {"name": "Collagen", "category": "Proteins", "dosage_unit": "mg"}}, {"model": "pages.supplement", "pk": 560, "fields": {"name": "Natural Desiccated Thyroid (NDT)", "category": "Hormones", "dosage_unit": "mg"}}, {"model": "pages.supplement", "pk": 561, "fields": {"name": "Thyroid (T3+T4)", "category": "Hormones", "dosage_unit": "mcg"}}, {"model": "pages.supplement", "pk": 562, "fields": {"name": "Thyroid (T4)", "category": "Hormones", "dosage_unit": "mcg"}}, {"model": "pages.supplement", "pk": 563, "fields": {"name": "Thyroid (T3)", "category": "Hormones", "dosage_unit": "mcg"}}, {"model": "pages.supplement", "pk": 564, "fields": {"name": "Gelatin", "category": "Proteins", "dosage_unit": "mg"}}, {"model": "pages.supplement", "pk": 565, "fields": {"name": "Spermidine", "category": "Miscellaneous", "dosage_unit": "mg"}}, {"model": "pages.supplement", "pk": 566, "fields": {"name": "Cascara Sagrada", "category": "Herbs", "dosage_unit": "mg"}}, {"model": "pages.supplement", "pk": 567, "fields": {"name": "Baking Soda", "category": "Household Remedies", "dosage_unit": "g"}}, {"model": "pages.supplement", "pk": 568, "fields": {"name": "TUDCA", "category": "Liver Support", "dosage_unit": "mg"}}, {"model": "pages.supplement", "pk": 569, "fields": {"name": "Methylene Blue", "category": "Nootropics", "dosage_unit": "mg"}}, {"model": "pages.supplement", "pk": 571, "fields": {"name": "Grapeseed Extract", "category": "Antioxidants", "dosage_unit": "mg"}}, {"model": "pages.supplement", "pk": 572, "fields": {"name": "Flowers of Sulfur", "category": "Minerals", "dosage_unit": "mg"}}, {"model": "pages.supplement", "pk": 573, "fields": {"name": "Pau D'Arco", "category": "Herbal Supplements", "dosage_unit": "mg"}}, {"model": "pages.supplement", "pk": 574, "fields": {"name": "Aspirin", "category": "Drugs", "dosage_unit": "mg"}}, {"model": "pages.supplement", "pk": 575, "fields": {"name": "Rosemary", "category": "Herbs", "dosage_unit": "mg"}}, {"model": "pages.supplement", "pk": 576, "fields": {"name": "Mastic Gum", "category": "Miscellaneous", "dosage_unit": "mg"}}, {"model": "pages.supplement", "pk": 577, "fields": {"name": "Glutathione", "category": "Antioxidants", "dosage_unit": "mg"}}, {"model": "pages.supplement", "pk": 578, "fields": {"name": "Vinegar", "category": "Household Remedies", "dosage_unit": "tbsp"}}, {"model": "pages.supplement", "pk": 579, "fields": {"name": "Apple Cider Vinegar", "category": "Household Remedies", "dosage_unit": "tbsp"}}, {"model": "pages.supplement", "pk": 580, "fields": {"name": "Coconut Oil", "category": "Oils", "dosage_unit": "tbsp"}}, {"model": "pages.supplement", "pk": 581, "fields": {"name": "Doxycycline", "category": "Antibiotics", "dosage_unit": "mg"}}, {"model": "pages.supplement", "pk": 582, "fields": {"name": "Tetracycline", "category": "Antibiotics", "dosage_unit": "mg"}}, {"model": "pages.supplement", "pk": 583, "fields": {"name": "Amoxicillin", "category": "Antibiotics", "dosage_unit": "mg"}}, {"model": "pages.supplement", "pk": 584, "fields": {"name": "Penicillin", "category": "Antibiotics", "dosage_unit": "mg"}}, {"model": "pages.supplement", "pk": 585, "fields": {"name": "Azithromycin", "category": "Antibiotics", "dosage_unit": "mg"}}, {"model": "pages.supplement", "pk": 586, "fields": {"name": "Clindamycin", "category": "Antibiotics", "dosage_unit": "mg"}}, {"model": "pages.supplement", "pk": 587, "fields": {"name": "Erythromycin", "category": "Antibiotics", "dosage_unit": "mg"}}, {"model": "pages.supplement", "pk": 588, "fields": {"name": "Metronidazole", "category": "Antibiotics", "dosage_unit": "mg"}}, {"model": "pages.supplement", "pk": 589, "fields": {"name": "Ciprofloxacin", "category": "Antibiotics", "dosage_unit": "mg"}}, {"model": "pages.supplement", "pk": 590, "fields": {"name": "Levofloxacin", "category": "Antibiotics", "dosage_unit": "mg"}}, {"model": "pages.supplement", "pk": 591, "fields": {"name": "GHK-Cu", "category": "Peptides", "dosage_unit": "mg"}}, {"model": "pages.supplement", "pk": 592, "fields": {"name": "BPC-157", "category": "Peptides", "dosage_unit": "mg"}}, {"model": "pages.supplement", "pk": 593, "fields": {"name": "Thymosin Alpha-1", "category": "Peptides", "dosage_unit": "mg"}}, {"model": "pages.supplement", "pk": 594, "fields": {"name": "Thymosin Beta-4", "category": "Peptides", "dosage_unit": "mg"}}, {"model": "pages.supplement", "pk": 595, "fields": {"name": "Melanotan II", "category": "Peptides", "dosage_unit": "mg"}}, {"model": "pages.supplement", "pk": 596, "fields": {"name": "PT-141", "category": "Peptides", "dosage_unit": "mg"}}, {"model": "pages.supplement", "pk": 597, "fields": {"name": "Ipamorelin", "category": "Peptides", "dosage_unit": "mg"}}, {"model": "pages.supplement", "pk": 598, "fields": {"name": "CJC-1295", "category": "Peptides", "dosage_unit": "mg"}}, {"model": "pages.supplement", "pk": 599, "fields": {"name": "Selank", "category": "Peptides", "dosage_unit": "mg"}}, {"model": "pages.supplement", "pk": 600, "fields": {"name": "Semax", "category": "Peptides", "dosage_unit": "mg"}}, {"model": "pages.supplement", "pk": 601, "fields": {"name": "Hexarelin", "category": "Peptides", "dosage_unit": "mg"}}, {"model": "pages.supplement", "pk": 602, "fields": {"name": "Tesamorelin", "category": "Peptides", "dosage_unit": "mg"}}, {"model": "pages.supplement", "pk": 603, "fields": {"name": "IGF-1 LR3", "category": "Peptides", "dosage_unit": "mg"}}, {"model": "pages.supplement", "pk": 604, "fields": {"name": "Epitalon", "category": "Peptides", "dosage_unit": "mg"}}, {"model": "pages.supplement", "pk": 605, "fields": {"name": "L-Theanine", "category": "Nootropics", "dosage_unit": "mg"}}, {"model": "pages.supplement", "pk": 606, "fields": {"name": "Caffeine", "category": "Nootropics", "dosage_unit": "mg"}}, {"model": "pages.supplement", "pk": 607, "fields": {"name": "Piracetam", "category": "Nootropics", "dosage_unit": "mg"}}, {"model": "pages.supplement", "pk": 608, "fields": {"name": "Aniracetam", "category": "Nootropics", "dosage_unit": "mg"}}, {"model": "pages.supplement", "pk": 609, "fields": {"name": "Oxiracetam", "category": "Nootropics", "dosage_unit": "mg"}}, {"model": "pages.supplement", "pk": 610, "fields": {"name": "Noopept", "category": "Nootropics", "dosage_unit": "mg"}}, {"model": "pages.supplement", "pk": 611, "fields": {"name": "Phenylpiracetam", "category": "Nootropics", "dosage_unit": "mg"}}, {"model": "pages.supplement", "pk": 612, "fields": {"name": "Rhodiola Rosea", "category": "Nootropics", "dosage_unit": "mg"}}, {"model": "pages.supplement", "pk": 613, "fields": {"name": "Bacopa Monnieri", "category": "Nootropics", "dosage_unit": "mg"}}, {"model": "pages.supplement", "pk": 614, "fields": {"name": "Lion's Mane Mushroom", "category": "Nootropics", "dosage_unit": "mg"}}, {"model": "pages.supplement", "pk": 615, "fields": {"name": "Ashwagandha", "category": "Nootropics", "dosage_unit": "mg"}}, {"model": "pages.supplement", "pk": 616, "fields": {"name": "Ginkgo Biloba", "category": "Nootropics", "dosage_unit": "mg"}}, {"model": "pages.supplement", "pk": 617, "fields": {"name": "Alpha-GPC", "category": "Nootropics", "dosage_unit": "mg"}}, {"model": "pages.supplement", "pk": 618, "fields": {"name": "Citicoline (CDP-Choline)", "category": "Nootropics", "dosage_unit": "mg"}}, {"model": "pages.supplement", "pk": 619, "fields": {"name": "Huperzine A", "category": "Nootropics", "dosage_unit": "mg"}}, {"model": "pages.supplement", "pk": 620, "fields": {"name": "Acetyl-L-Carnitine", "category": "Nootropics", "dosage_unit": "mg"}}, {"model": "pages.supplement", "pk": 621, "fields": {"name": "Tyrosine", "category": "Nootropics", "dosage_unit": "mg"}}, {"model": "pages.supplement", "pk": 622, "fields": {"name": "Phosphatidylserine", "category": "Nootropics", "dosage_unit": "mg"}}, {"model": "pages.supplement", "pk": 623, "fields": {"name": "Curcumin", "category": "Nootropics", "dosage_unit": "mg"}}, {"model": "pages.supplement", "pk": 624, "fields": {"name": "Sulbutiamine", "category": "Nootropics", "dosage_unit": "mg"}}, {"model": "pages.supplement", "pk": 625, "fields": {"name": "N-Acetyl Cysteine (NAC)", "category": "Antioxidants", "dosage_unit": "mg"}}, {"model": "pages.supplement", "pk": 626, "fields": {"name": "DHT (Dihydrotestosterone)", "category": "Hormones", "dosage_unit": "mg"}}, {"model": "pages.supplement", "pk": 627, "fields": {"name": "Allopregnanolone", "category": "Hormones", "dosage_unit": "mg"}}, {"model": "pages.supplement", "pk": 628, "fields": {"name": "Estrogen", "category": "Hormones", "dosage_unit": "mg"}}, {"model": "pages.supplement", "pk": 629, "fields": {"name": "Testosterone", "category": "Hormones", "dosage_unit": "mg"}}, {"model": "pages.supplement", "pk": 630, "fields": {"name": "Andosterone", "category": "Hormones", "dosage_unit": "mg"}}, {"model": "pages.supplement", "pk": 631, "fields": {"name": "Cyproheptadine", "category": "Drugs", "dosage_unit": "mg"}}, {"model": "pages.supplement", "pk": 632, "fields": {"name": "10-Methoxy-Harmalan", "category": "Alkaloids", "dosage_unit": "mg"}}, {"model": "pages.supplement", "pk": 633, "fields": {"name": "6-keto-P4", "category": "Hormones", "dosage_unit": "mg"}}, {"model": "pages.supplement", "pk": 634, "fields": {"name": "Metergoline", "category": "Serotonin Modulators", "dosage_unit": "mg"}}, {"model": "pages.supplement", "pk": 635, "fields": {"name": "Lisuride", "category": "Serotonin Modulators", "dosage_unit": "mg"}}, {"model": "pages.supplement", "pk": 636, "fields": {"name": "Lanosterol", "category": "Miscellaneous", "dosage_unit": "mg"}}, {"model": "pages.supplement", "pk": 637, "fields": {"name": "Pyruvate", "category": "Miscellaneous", "dosage_unit": "mg"}}, {"model": "pages.supplement", "pk": 638, "fields": {"name": "Sodium Butyrate", "category": "Miscellaneous", "dosage_unit": "mg"}}, {"model": "pages.supplement", "pk": 639, "fields": {"name": "Phosphatidylcholine", "category": "Miscellaneous", "dosage_unit": "mg"}}, {"model": "pages.supplement", "pk": 640, "fields": {"name": "Shilajit", "category": "Miscellaneous", "dosage_unit": "mg"}}, {"model": "pages.supplement", "pk": 641, "fields": {"name": "Pine Pollen", "category": "Miscellaneous", "dosage_unit": "mg"}}, {"model": "pages.supplement", "pk": 642, "fields": {"name": "Chaga", "category": "Mushrooms", "dosage_unit": "mg"}}, {"model": "pages.supplement", "pk": 643, "fields": {"name": "Malic Acid", "category": "Miscellaneous", "dosage_unit": "g"}}, {"model": "pages.supplement", "pk": 644, "fields": {"name": "5-HTP", "category": "Amino Acids", "dosage_unit": "mg"}}, {"model": "pages.supplement", "pk": 645, "fields": {"name": "Chlorella", "category": "Miscellaneous", "dosage_unit": "mg"}}, {"model": "pages.supplement", "pk": 646, "fields": {"name": "TMG (Betaine)", "category": "Methylation", "dosage_unit": "mg"}}, {"model": "pages.supplement", "pk": 647, "fields": {"name": "Alpha Lipoic Acid (ALA)", "category": "Antioxidants", "dosage_unit": "mg"}}, {"model": "pages.supplement", "pk": 648, "fields": {"name": "Succinate", "category": "Miscellaneous", "dosage_unit": "mg"}}, {"model": "pages.supplement", "pk": 649, "fields": {"name": "Saffron", "category": "Herbs", "dosage_unit": "mg"}}, {"model": "pages.supplement", "pk": 650, "fields": {"name": "Berberine", "category": "Herbs", "dosage_unit": "mg"}}, {"model": "pages.supplement", "pk": 651, "fields": {"name": "BCAAs", "category": "Amino Acids", "dosage_unit": "g"}}, {"model": "pages.supplement", "pk": 652, "fields": {"name": "Coenzyme Q10", "category": "Antioxidants", "dosage_unit": "mg"}}, {"model": "pages.supplement", "pk": 653, "fields": {"name": "CLA", "category": "Fatty Acids", "dosage_unit": "mg"}}, {"model": "pages.supplement", "pk": 654, "fields": {"name": "Glucosamine", "category": "Miscellaneous", "dosage_unit": "mg"}}, {"model": "pages.supplement", "pk": 655, "fields": {"name": "DIM (Diindolylmethane)", "category": "Phytonutrients", "dosage_unit": "mg"}}, {"model": "pages.supplement", "pk": 656, "fields": {"name": "GABA", "category": "Miscellaneous", "dosage_unit": "mg"}}, {"model": "pages.supplement", "pk": 657, "fields": {"name": "Horny Goat Weed", "category": "Herbs", "dosage_unit": "mg"}}, {"model": "pages.supplement", "pk": 658, "fields": {"name": "Hyaluronic Acid", "category": "Miscellaneous", "dosage_unit": "mg"}}, {"model": "pages.supplement", "pk": 659, "fields": {"name": "Inositol", "category": "Nootropics", "dosage_unit": "mg"}}, {"model": "pages.supplement", "pk": 660, "fields": {"name": "Oregano Oil", "category": "Herbs", "dosage_unit": "mg"}}, {"model": "pages.supplement", "pk": 661, "fields": {"name": "PEA (Phenylethylamine)", "category": "Miscellaneous", "dosage_unit": "mg"}}, {"model": "pages.supplement", "pk": 662, "fields": {"name": "SEA (Stearoylethanolamide)", "category": "Miscellaneous", "dosage_unit": "mg"}}, {"model": "pages.supplement", "pk": 663, "fields": {"name": "SAMe (S-Adenosyl Methionine)", "category": "Methylation", "dosage_unit": "mg"}}, {"model": "pages.supplement", "pk": 664, "fields": {"name": "Tribulus", "category": "Herbs", "dosage_unit": "mg"}}, {"model": "pages.supplement", "pk": 665, "fields": {"name": "Xylitol", "category": "Miscellaneous", "dosage_unit": "mg"}}, {"model": "pages.supplement", "pk": 666, "fields": {"name": "Probiotic (Any Mix)", "category": "Probiotics", "dosage_unit": "CFU"}}, {"model": "pages.supplement", "pk": 667, "fields": {"name": "Probiotic (Saccharomyces)", "category": "Probiotics", "dosage_unit": "CFU"}}, {"model": "pages.supplement", "pk": 668, "fields": {"name": "Probiotic (Soil-Based)", "category": "Probiotics", "dosage_unit": "CFU"}}, {"model": "pages.supplement", "pk": 669, "fields": {"name": "Creatine", "category": "Miscellaneous", "dosage_unit": "g"}}, {"model": "pages.condition", "pk": 85, "fields": {"name": "Acid Reflux (GERD)"}}, {"model": "pages.condition", "pk": 86, "fields": {"name": "Acne"}}, {"model": "pages.condition", "pk": 87, "fields": {"name": "ADHD (Attention Deficit Hyperactivity Disorder)"}}, {"model": "pages.condition", "pk": 88, "fields": {"name": "Adrenal Fatigue"}}, {"model": "pages.condition", "pk": 89, "fields": {"name": "Allergies"}}, {"model": "pages.condition", "pk": 90, "fields": {"name": "Alzheimer's Disease"}}, {"model": "pages.condition", "pk": 91, "fields": {"name": "Anemia"}}, {"model": "pages.condition", "pk": 92, "fields": {"name": "Anxiety"}}, {"model": "pages.condition", "pk": 93, "fields": {"name": "Arthritis"}}, {"model": "pages.condition", "pk": 94, "fields": {"name": "Asthma"}}, {"model": "pages.condition", "pk": 95, "fields": {"name": "Athletic Performance Enhancement"}}, {"model": "pages.condition", "pk": 96, "fields": {"name": "Autoimmune Conditions (e.g. Hashimoto's Thyroiditis)"}}, {"model": "pages.condition", "pk": 97, "fields": {"name": "Bone Density Support (Osteoporosis)"}}, {"model": "pages.condition", "pk": 98, "fields": {"name": "Brain Fog"}}, {"model": "pages.condition", "pk": 99, "fields": {"name": "Cardiovascular Support"}}, {"model": "pages.condition", "pk": 100, "fields": {"name": "High Blood Pressure"}}, {"model": "pages.condition", "pk": 101, "fields": {"name": "Low Blood Pressure"}}, {"model": "pages.condition", "pk": 102, "fields": {"name": "Cataracts"}}, {"model": "pages.condition", "pk": 103, "fields": {"name": "Chronic Fatigue Syndrome (CFS/ME)"}}, {"model": "pages.condition", "pk": 104, "fields": {"name": "Chronic Inflammation"}}, {"model": "pages.condition", "pk": 105, "fields": {"name": "Chronic Pain"}}, {"model": "pages.condition", "pk": 106, "fields": {"name": "Cognitive Decline"}}, {"model": "pages.condition", "pk": 107, "fields": {"name": "Cognitive Enhancement (Nootropic)"}}, {"model": "pages.condition", "pk": 108, "fields": {"name": "Constipation"}}, {"model": "pages.condition", "pk": 109, "fields": {"name": "Crohn's Disease"}}, {"model": "pages.condition", "pk": 110, "fields": {"name": "Depression"}}, {"model": "pages.condition", "pk": 111, "fields": {"name": "Detoxification Support"}}, {"model": "pages.condition", "pk": 112, "fields": {"name": "Diabetes (Type 2)"}}, {"model": "pages.condition", "pk": 113, "fields": {"name": "Diarrhea"}}, {"model": "pages.condition", "pk": 114, "fields": {"name": "Digestive Health (General)"}}, {"model": "pages.condition", "pk": 115, "fields": {"name": "Eczema"}}, {"model": "pages.condition", "pk": 116, "fields": {"name": "Erectile Dysfunction"}}, {"model": "pages.condition", "pk": 117, "fields": {"name": "Eye Health (e.g. Macular Degeneration)"}}, {"model": "pages.condition", "pk": 118, "fields": {"name": "Fibromyalgia"}}, {"model": "pages.condition", "pk": 119, "fields": {"name": "Focus and Concentration"}}, {"model": "pages.condition", "pk": 120, "fields": {"name": "Gastrointestinal Disorders (IBS)"}}, {"model": "pages.condition", "pk": 121, "fields": {"name": "Gluten Intolerance"}}, {"model": "pages.condition", "pk": 122, "fields": {"name": "Gout"}}, {"model": "pages.condition", "pk": 123, "fields": {"name": "Gut Dysbiosis"}}, {"model": "pages.condition", "pk": 124, "fields": {"name": "Hair Loss"}}, {"model": "pages.condition", "pk": 125, "fields": {"name": "Hashimoto's Thyroiditis"}}, {"model": "pages.condition", "pk": 126, "fields": {"name": "Headaches"}}, {"model": "pages.condition", "pk": 127, "fields": {"name": "Heartburn"}}, {"model": "pages.condition", "pk": 128, "fields": {"name": "High Blood Pressure (Hypertension)"}}, {"model": "pages.condition", "pk": 129, "fields": {"name": "High Cholesterol"}}, {"model": "pages.condition", "pk": 130, "fields": {"name": "Hormone Balance"}}, {"model": "pages.condition", "pk": 131, "fields": {"name": "Hypothyroidism"}}, {"model": "pages.condition", "pk": 132, "fields": {"name": "Hyperthyroidism"}}, {"model": "pages.condition", "pk": 133, "fields": {"name": "Immune Support"}}, {"model": "pages.condition", "pk": 134, "fields": {"name": "Inflammation Reduction"}}, {"model": "pages.condition", "pk": 135, "fields": {"name": "Insomnia"}}, {"model": "pages.condition", "pk": 136, "fields": {"name": "Irritable Bowel Syndrome (IBS)"}}, {"model": "pages.condition", "pk": 137, "fields": {"name": "Joint Pain"}}, {"model": "pages.condition", "pk": 138, "fields": {"name": "Kidney Stones"}}, {"model": "pages.condition", "pk": 139, "fields": {"name": "Lactose Intolerance"}}, {"model": "pages.condition", "pk": 140, "fields": {"name": "Liver Support (e.g. Fatty Liver Disease)"}}, {"model": "pages.condition", "pk": 141, "fields": {"name": "Low Energy"}}, {"model": "pages.condition", "pk": 142, "fields": {"name": "Low Testosterone"}}, {"model": "pages.condition", "pk": 143, "fields": {"name": "Macular Degeneration"}}, {"model": "pages.condition", "pk": 144, "fields": {"name": "Menopausal Symptoms"}}, {"model": "pages.condition", "pk": 145, "fields": {"name": "Metabolic Syndrome"}}, {"model": "pages.condition", "pk": 146, "fields": {"name": "Migraines"}}, {"model": "pages.condition", "pk": 147, "fields": {"name": "Mood Enhancement"}}, {"model": "pages.condition", "pk": 148, "fields": {"name": "Muscle Growth"}}, {"model": "pages.condition", "pk": 149, "fields": {"name": "Nerve Pain (Neuropathy)"}}, {"model": "pages.condition", "pk": 150, "fields": {"name": "Nutrient Deficiencies"}}, {"model": "pages.condition", "pk": 151, "fields": {"name": "Osteoarthritis"}}, {"model": "pages.condition", "pk": 152, "fields": {"name": "Osteoporosis"}}, {"model": "pages.condition", "pk": 153, "fields": {"name": "Parkinson's Disease"}}, {"model": "pages.condition", "pk": 154, "fields": {"name": "PCOS (Polycystic Ovary Syndrome)"}}, {"model": "pages.condition", "pk": 155, "fields": {"name": "PMS (Premenstrual Syndrome)"}}, {"model": "pages.condition", "pk": 156, "fields": {"name": "Post-Traumatic Stress Disorder (PTSD)"}}, {"model": "pages.condition", "pk": 157, "fields": {"name": "Psoriasis"}}, {"model": "pages.condition", "pk": 158, "fields": {"name": "Recovery from Injury"}}, {"model": "pages.condition", "pk": 159, "fields": {"name": "Respiratory Conditions (e.g. Asthma)"}}, {"model": "pages.condition", "pk": 160, "fields": {"name": "Seasonal Affective Disorder (SAD)"}}, {"model": "pages.condition", "pk": 161, "fields": {"name": "Skin Health"}}, {"model": "pages.condition", "pk": 162, "fields": {"name": "Sleep Quality Improvement"}}, {"model": "pages.condition", "pk": 163, "fields": {"name": "Small Intestinal Bacterial Overgrowth (SIBO)"}}, {"model": "pages.condition", "pk": 164, "fields": {"name": "Stress"}}, {"model": "pages.condition", "pk": 165, "fields": {"name": "Thyroid Health"}}, {"model": "pages.condition", "pk": 166, "fields": {"name": "Ulcerative Colitis"}}, {"model": "pages.condition", "pk": 167, "fields": {"name": "Urinary Tract Infections (UTIs)"}}, {"model": "pages.condition", "pk": 168, "fields": {"name": "Weight Loss"}}, {"model": "pages.condition", "pk": 169, "fields": {"name": "Weight Gain"}}, {"model": "pages.condition", "pk": 170, "fields": {"name": "White Tongue"}}, {"model": "pages.condition", "pk": 171, "fields": {"name": "Rosacea"}}, {"model": "pages.condition", "pk": 172, "fields": {"name": "General Health"}}, {"model": "pages.condition", "pk": 173, "fields": {"name": "Bloating"}}, {"model": "pages.rating", "pk": 32, "fields": {"user": 1, "supplement": 472, "score": 1, "comment": "s", "dosage": "2IU", "dosage_frequency": 1, "frequency_unit": "day", "brands": null, "created_at": "2025-01-27T20:33:42.415Z", "is_edited": false, "upvotes": 1, "image": "", "conditions": [85]}}, {"model": "pages.rating", "pk": 33, "fields": {"user": 1, "supplement": 473, "score": 3, "comment": "t", "dosage": null, "dosage_frequency": 1, "frequency_unit": "day", "brands": null, "created_at": "2025-02-01T21:17:30.025Z", "is_edited": false, "upvotes": 1, "image": "ratings/AISF_digital_signage.png", "conditions": [85]}}, {"model": "pages.rating", "pk": 34, "fields": {"user": 2, "supplement": 472, "score": 1, "comment": "yu", "dosage": "6IU", "dosage_frequency": 1, "frequency_unit": "day", "brands": "Solgar", "created_at": "2025-02-01T22:20:44.192Z", "is_edited": false, "upvotes": 0, "image": "", "conditions": [85]}}, {"model": "pages.rating", "pk": 37, "fields": {"user": 2, "supplement": 666, "score": 3, "comment": "test rating to be delete", "dosage": null, "dosage_frequency": 1, "frequency_unit": "day", "brands": "Thorne Research", "created_at": "2025-05-14T19:27:34.754Z", "is_edited": false, "upvotes": 1, "image": "", "conditions": [85]}}, {"model": "pages.rating", "pk": 38, "fields": {"user": 2, "supplement": 667, "score": 1, "comment": "test", "dosage": null, "dosage_frequency": 1, "frequency_unit": "day", "brands": null, "created_at": "2025-05-14T19:29:00.553Z", "is_edited": false, "upvotes": 0, "image": "", "conditions": [85]}}, {"model": "pages.rating", "pk": 39, "fields": {"user": 2, "supplement": 474, "score": 1, "comment": "testing adding a rating", "dosage": "20mg", "dosage_frequency": 1, "frequency_unit": "day", "brands": "Thorne Research", "created_at": "2025-05-15T15:29:08.727Z", "is_edited": false, "upvotes": 0, "image": "", "conditions": [86]}}, {"model": "pages.comment", "pk": 20, "fields": {"rating": 32, "parent_comment": null, "user": 1, "content": "j", "created_at": "2025-02-01T21:05:41.820Z", "is_edited": false, "upvotes": 0, "image": "comments/Image2.jpeg"}}, {"model": "pages.comment", "pk": 21, "fields": {"rating": 32, "parent_comment": null, "user": 1, "content": "f", "created_at": "2025-02-01T21:11:35.730Z", "is_edited": false, "upvotes": 1, "image": "comments/Image2_zqQXayi.jpeg"}}, {"model": "pages.comment", "pk": 22, "fields": {"rating": 33, "parent_comment": null, "user": 2, "content": "test - edited", "created_at": "2025-05-10T19:20:11.164Z", "is_edited": true, "upvotes": 0, "image": ""}}, {"model": "pages.emailverificationtoken", "pk": 5, "fields": {"user": 6, "token": "f40f184f-7b6a-4b77-aeef-3f95ff9a6026", "created_at": "2025-05-12T19:01:46.450Z", "expires_at": "2025-05-13T19:01:46.448Z"}}, {"model": "pages.brand", "pk": 467, "fields": {"name": "Nature's Bounty"}}, {"model": "pages.brand", "pk": 468, "fields": {"name": "Optimum Nutrition"}}, {"model": "pages.brand", "pk": 469, "fields": {"name": "Garden of Life"}}, {"model": "pages.brand", "pk": 470, "fields": {"name": "NOW Foods"}}, {"model": "pages.brand", "pk": 471, "fields": {"name": "Solgar"}}, {"model": "pages.brand", "pk": 472, "fields": {"name": "Jarrow Formulas"}}, {"model": "pages.brand", "pk": 473, "fields": {"name": "Thorne Research"}}, {"model": "pages.brand", "pk": 474, "fields": {"name": "Pure Encapsulations"}}, {"model": "pages.brand", "pk": 475, "fields": {"name": "Life Extension"}}, {"model": "pages.brand", "pk": 476, "fields": {"name": "MegaFood"}}, {"model": "pages.brand", "pk": 477, "fields": {"name": "Country Life"}}, {"model": "pages.brand", "pk": 478, "fields": {"name": "Bluebonnet"}}, {"model": "pages.brand", "pk": 479, "fields": {"name": "GNC"}}, {"model": "pages.brand", "pk": 480, "fields": {"name": "MuscleTech"}}, {"model": "pages.brand", "pk": 481, "fields": {"name": "Cellucor"}}, {"model": "pages.brand", "pk": 482, "fields": {"name": "BSN"}}, {"model": "pages.brand", "pk": 483, "fields": {"name": "Evlution Nutrition"}}, {"model": "pages.brand", "pk": 484, "fields": {"name": "Dymatize"}}, {"model": "pages.brand", "pk": 485, "fields": {"name": "Universal Nutrition"}}, {"model": "pages.brand", "pk": 486, "fields": {"name": "Animal Pak"}}, {"model": "pages.brand", "pk": 487, "fields": {"name": "Metagenics"}}, {"model": "pages.brand", "pk": 488, "fields": {"name": "Standard Process"}}, {"model": "pages.brand", "pk": 489, "fields": {"name": "Designs for Health"}}, {"model": "pages.brand", "pk": 490, "fields": {"name": "Ortho Molecular Products"}}, {"model": "pages.brand", "pk": 491, "fields": {"name": "Emergen-C"}}, {"model": "pages.brand", "pk": 492, "fields": {"name": "Alani Nu"}}, {"model": "pages.brand", "pk": 493, "fields": {"name": "Ghost"}}, {"model": "pages.brand", "pk": 494, "fields": {"name": "1UP Nutrition"}}, {"model": "pages.brand", "pk": 495, "fields": {"name": "ProSupps"}}, {"model": "pages.brand", "pk": 496, "fields": {"name": "Gaspari Nutrition"}}, {"model": "pages.brand", "pk": 497, "fields": {"name": "MHP"}}, {"model": "pages.brand", "pk": 498, "fields": {"name": "Beverly International"}}, {"model": "pages.brand", "pk": 499, "fields": {"name": "Weider"}}, {"model": "pages.brand", "pk": 500, "fields": {"name": "Twinlab"}}, {"model": "pages.brand", "pk": 501, "fields": {"name": "MuscleMeds"}}, {"model": "pages.brand", "pk": 502, "fields": {"name": "MusclePharm"}}, {"model": "pages.brand", "pk": 503, "fields": {"name": "Scivation"}}, {"model": "pages.brand", "pk": 504, "fields": {"name": "Magnum Nutraceuticals"}}, {"model": "pages.brand", "pk": 505, "fields": {"name": "Force Factor"}}, {"model": "pages.brand", "pk": 506, "fields": {"name": "Vital Nutrients"}}, {"model": "pages.brand", "pk": 507, "fields": {"name": "Carlson"}}, {"model": "pages.brand", "pk": 508, "fields": {"name": "Viva Naturals"}}, {"model": "pages.brand", "pk": 509, "fields": {"name": "Dr. Tobias"}}, {"model": "pages.brand", "pk": 510, "fields": {"name": "MRM"}}, {"model": "pages.brand", "pk": 511, "fields": {"name": "Bodylogix"}}, {"model": "pages.brand", "pk": 512, "fields": {"name": "BPI Sports"}}, {"model": "pages.brand", "pk": 513, "fields": {"name": "Future Kind"}}, {"model": "pages.brand", "pk": 514, "fields": {"name": "MyProtein"}}, {"model": "pages.brand", "pk": 515, "fields": {"name": "Bulk Supplements"}}, {"model": "pages.brand", "pk": 516, "fields": {"name": "Redcon1"}}, {"model": "pages.brand", "pk": 517, "fields": {"name": "PEScience"}}, {"model": "pages.brand", "pk": 518, "fields": {"name": "SAN Nutrition"}}, {"model": "pages.brand", "pk": 519, "fields": {"name": "Nutrex"}}, {"model": "pages.brand", "pk": 520, "fields": {"name": "Havasu Nutrition"}}, {"model": "pages.brand", "pk": 521, "fields": {"name": "BodyHealth"}}, {"model": "pages.brand", "pk": 522, "fields": {"name": "Klean Athlete"}}, {"model": "pages.brand", "pk": 523, "fields": {"name": "Jym"}}, {"model": "pages.brand", "pk": 524, "fields": {"name": "Performix"}}, {"model": "pages.brand", "pk": 525, "fields": {"name": "Legion Athletics"}}, {"model": "pages.brand", "pk": 526, "fields": {"name": "NutraBio"}}, {"model": "pages.brand", "pk": 527, "fields": {"name": "Vega"}}, {"model": "pages.brand", "pk": 528, "fields": {"name": "Nordic Naturals"}}, {"model": "pages.brand", "pk": 529, "fields": {"name": "Performance Lab"}}, {"model": "pages.brand", "pk": 530, "fields": {"name": "Xendurance"}}, {"model": "pages.brand", "pk": 531, "fields": {"name": "Xymogen"}}, {"model": "pages.brand", "pk": 532, "fields": {"name": "Genestra"}}, {"model": "pages.brand", "pk": 533, "fields": {"name": "WelleCo"}}, {"model": "pages.brand", "pk": 534, "fields": {"name": "Vitalyte"}}, {"model": "pages.brand", "pk": 535, "fields": {"name": "Just Thrive"}}, {"model": "pages.brand", "pk": 536, "fields": {"name": "MaryRuth's"}}, {"model": "pages.brand", "pk": 537, "fields": {"name": "Pink Stork"}}, {"model": "pages.brand", "pk": 538, "fields": {"name": "OLLY"}}, {"model": "pages.brand", "pk": 539, "fields": {"name": "RSP Nutrition"}}, {"model": "pages.brand", "pk": 540, "fields": {"name": "Peak Performance"}}, {"model": "pages.brand", "pk": 541, "fields": {"name": "Enzymedica"}}, {"model": "pages.brand", "pk": 542, "fields": {"name": "Sunwarrior"}}, {"model": "pages.brand", "pk": 543, "fields": {"name": "Tru Niagen"}}, {"model": "pages.brand", "pk": 544, "fields": {"name": "U-Theory"}}, {"model": "pages.brand", "pk": 545, "fields": {"name": "LivOn Laboratories"}}, {"model": "pages.brand", "pk": 546, "fields": {"name": "KOS"}}, {"model": "pages.brand", "pk": 547, "fields": {"name": "EHPlabs"}}, {"model": "pages.brand", "pk": 548, "fields": {"name": "New Chapter"}}, {"model": "pages.brand", "pk": 549, "fields": {"name": "youtheory"}}, {"model": "pages.brand", "pk": 550, "fields": {"name": "Nutrafol"}}, {"model": "pages.brand", "pk": 551, "fields": {"name": "NaturesPlus"}}, {"model": "pages.brand", "pk": 552, "fields": {"name": "The Synergy Company"}}, {"model": "pages.brand", "pk": 553, "fields": {"name": "Primal Kitchen"}}, {"model": "pages.brand", "pk": 554, "fields": {"name": "Zhou Nutrition"}}, {"model": "pages.brand", "pk": 555, "fields": {"name": "The Genius Brand"}}, {"model": "pages.brand", "pk": 556, "fields": {"name": "Awakened Alchemy"}}, {"model": "pages.brand", "pk": 557, "fields": {"name": "Real Mushrooms"}}, {"model": "pages.brand", "pk": 558, "fields": {"name": "Goli Nutrition"}}, {"model": "pages.brand", "pk": 559, "fields": {"name": "Webber Naturals"}}, {"model": "pages.brand", "pk": 560, "fields": {"name": "Jamieson"}}, {"model": "pages.brand", "pk": 561, "fields": {"name": "Science in Sport (SiS)"}}, {"model": "pages.brand", "pk": 562, "fields": {"name": "Great Lakes Gelatin"}}, {"model": "pages.brand", "pk": 563, "fields": {"name": "FitMiss"}}, {"model": "pages.brand", "pk": 564, "fields": {"name": "Labrada"}}, {"model": "pages.brand", "pk": 565, "fields": {"name": "HUM Nutrition"}}, {"model": "pages.brand", "pk": 566, "fields": {"name": "Athletic Greens"}}, {"model": "pages.brand", "pk": 567, "fields": {"name": "Onnit"}}, {"model": "pages.brand", "pk": 568, "fields": {"name": "Transparent Labs"}}, {"model": "pages.brand", "pk": 569, "fields": {"name": "Persona"}}, {"model": "pages.brand", "pk": 570, "fields": {"name": "Bulletproof"}}, {"model": "pages.brand", "pk": 571, "fields": {"name": "Sports Research"}}, {"model": "pages.brand", "pk": 572, "fields": {"name": "UMZU"}}, {"model": "pages.brand", "pk": 573, "fields": {"name": "Health Natura"}}, {"model": "pages.brand", "pk": 574, "fields": {"name": "Life Giving Store"}}, {"model": "pages.brand", "pk": 575, "fields": {"name": "Greco Gum"}}, {"model": "pages.brand", "pk": 576, "fields": {"name": "Objective Nutrients"}}, {"model": "pages.brand", "pk": 577, "fields": {"name": "LifeBlud"}}, {"model": "pages.brand", "pk": 578, "fields": {"name": "IdeaLabs"}}, {"model": "pages.brand", "pk": 579, "fields": {"name": "PureBulk"}}, {"model": "pages.brand", "pk": 580, "fields": {"name": "Limitless Biotech"}}, {"model": "pages.brand", "pk": 581, "fields": {"name": "BODYBIO"}}, {"model": "pages.userupvote", "pk": 10, "fields": {"user": 2, "rating": 32, "comment": null, "created_at": "2025-02-01T22:19:15.523Z"}}, {"model": "pages.userupvote", "pk": 12, "fields": {"user": 2, "rating": null, "comment": 21, "created_at": "2025-02-01T22:19:21.163Z"}}, {"model": "pages.userupvote", "pk": 17, "fields": {"user": 2, "rating": 33, "comment": null, "created_at": "2025-05-10T19:20:05.103Z"}}, {"model": "pages.userupvote", "pk": 18, "fields": {"user": 1, "rating": 37, "comment": null, "created_at": "2025-05-15T14:42:25.899Z"}}]